Pattern,FBRef,Transfermarkt,League,Team
Differenze negli accenti,Lazar Samardzic,Lazar Samardžić,Serie_A,Atalanta
Differenze negli accenti,Mario Pašalić,Mario Pasalic,Serie_A,Atalanta
Differenze negli accenti,Sead Kolašinac,Sead Kolasinac,Serie_A,Atalanta
Altre differenze,Konan N'dri,Konan N’Dri,Serie_A,Lecce
Altre differenze,Nico O’Reilly,Nico O'Reilly,EPL,Manchester_City
Altre differenze,Shiloh ’t Zand,Shiloh 't Zand,Eredivisie,Feyenoord
